{
  "version": 1,
  "author": "Adi tiawarman",
  "editor": "wokwi",
  "parts": [
    { "type": "wokwi-breadboard", "id": "bb1", "top": -271.8, "left": -179.6, "attrs": {} },
    { "type": "wokwi-arduino-uno", "id": "uno", "top": -9, "left": -192.6, "attrs": {} },
    {
      "type": "wokwi-lcd1602",
      "id": "lcd1",
      "top": 227.2,
      "left": -186.4,
      "attrs": { "pins": "i2c" }
    },
    {
      "type": "wokwi-dht22",
      "id": "dht1",
      "top": -335.7,
      "left": 397.8,
      "attrs": { "humidity": "0", "temperature": "-40" }
    },
    {
      "type": "wokwi-led",
      "id": "led1",
      "top": -195.6,
      "left": 157.4,
      "attrs": { "color": "red" }
    },
    {
      "type": "wokwi-led",
      "id": "led2",
      "top": -195.6,
      "left": 234.2,
      "attrs": { "color": "yellow" }
    },
    {
      "type": "wokwi-led",
      "id": "led3",
      "top": -195.6,
      "left": 311,
      "attrs": { "color": "limegreen" }
    },
    {
      "type": "wokwi-resistor",
      "id": "r1",
      "top": -149.65,
      "left": 115.2,
      "attrs": { "value": "1000" }
    },
    {
      "type": "wokwi-resistor",
      "id": "r2",
      "top": -149.65,
      "left": 192,
      "attrs": { "value": "1000" }
    },
    {
      "type": "wokwi-resistor",
      "id": "r3",
      "top": -149.65,
      "left": 268.8,
      "attrs": { "value": "1000" }
    },
    {
      "type": "wokwi-photoresistor-sensor",
      "id": "ldr1",
      "top": -269.1,
      "left": -63.1,
      "rotate": 90,
      "attrs": {}
    },
    {
      "type": "wokwi-resistor",
      "id": "r4",
      "top": -140.05,
      "left": -48,
      "attrs": { "value": "10000" }
    },
    {
      "type": "wokwi-buzzer",
      "id": "bz1",
      "top": -304.8,
      "left": -142.2,
      "attrs": { "volume": "0.1" }
    }
  ],
  "connections": [
    [ "lcd1:GND", "uno:GND.2", "black", [ "h-9.6", "v-38.4", "h172.8" ] ],
    [ "lcd1:VCC", "uno:5V", "red", [ "h-19.2", "v-57.5", "h163.2" ] ],
    [ "lcd1:SDA", "uno:A4", "orange", [ "h-28.8", "v-76.6", "h268.8" ] ],
    [ "lcd1:SCL", "uno:A5", "green", [ "h-38.4", "v-95.7", "h288" ] ],
    [ "r1:1", "bb1:bn.23", "black", [ "v0" ] ],
    [ "r2:1", "bb1:bn.30", "black", [ "v0" ] ],
    [ "r3:1", "bb1:bn.36", "black", [ "v0" ] ],
    [ "bb1:bn.1", "uno:GND.1", "black", [ "h-29.6", "v75.5" ] ],
    [ "bb1:bp.1", "uno:5V", "red", [ "h-39.2", "v268" ] ],
    [ "bb1:52b.g", "uno:3", "limegreen", [ "v0" ] ],
    [ "bb1:36b.g", "uno:4", "red", [ "v124.8", "h-167.1" ] ],
    [ "bb1:44b.g", "uno:5", "gold", [ "v134.4", "h-253.4" ] ],
    [ "ldr1:VCC", "bb1:bp.16", "red", [ "v0" ] ],
    [ "r4:1", "bb1:bn.9", "black", [ "v0" ] ],
    [ "ldr1:AO", "uno:A0", "white", [ "v0" ] ],
    [ "ldr1:GND", "r4:2", "black", [ "v0" ] ],
    [ "uno:VIN", "bb1:60t.e", "red", [ "v9.5", "h426.5" ] ],
    [ "bb1:63t.e", "bb1:bn.50", "black", [ "v0" ] ],
    [ "bb1:61t.e", "uno:2", "blue", [ "v201.6", "h-374.4" ] ],
    [ "bb1:5t.e", "bb1:bn.3", "black", [ "v0" ] ],
    [ "bz1:2", "uno:6", "violet", [ "v182.4", "h111.1" ] ],
    [ "led1:A", "bb1:36b.f", "", [ "$bb" ] ],
    [ "led1:C", "bb1:35b.f", "", [ "$bb" ] ],
    [ "led2:A", "bb1:44b.f", "", [ "$bb" ] ],
    [ "led2:C", "bb1:43b.f", "", [ "$bb" ] ],
    [ "led3:A", "bb1:52b.f", "", [ "$bb" ] ],
    [ "led3:C", "bb1:51b.f", "", [ "$bb" ] ],
    [ "r1:1", "bb1:29b.g", "", [ "$bb" ] ],
    [ "r1:2", "bb1:35b.g", "", [ "$bb" ] ],
    [ "r2:1", "bb1:37b.g", "", [ "$bb" ] ],
    [ "r2:2", "bb1:43b.g", "", [ "$bb" ] ],
    [ "r3:1", "bb1:45b.g", "", [ "$bb" ] ],
    [ "r3:2", "bb1:51b.g", "", [ "$bb" ] ],
    [ "ldr1:VCC", "bb1:21b.f", "", [ "$bb" ] ],
    [ "ldr1:GND", "bb1:20b.f", "", [ "$bb" ] ],
    [ "ldr1:DO", "bb1:19b.f", "", [ "$bb" ] ],
    [ "ldr1:AO", "bb1:18b.f", "", [ "$bb" ] ],
    [ "r4:1", "bb1:12b.h", "", [ "$bb" ] ],
    [ "r4:2", "bb1:18b.h", "", [ "$bb" ] ],
    [ "bz1:1", "bb1:5t.a", "", [ "$bb" ] ],
    [ "bz1:2", "bb1:6t.a", "", [ "$bb" ] ],
    [ "dht1:VCC", "bb1:60t.a", "", [ "$bb" ] ],
    [ "dht1:SDA", "bb1:61t.a", "", [ "$bb" ] ],
    [ "dht1:NC", "bb1:62t.a", "", [ "$bb" ] ],
    [ "dht1:GND", "bb1:63t.a", "", [ "$bb" ] ]
  ],
  "dependencies": {}
}